{
  "front": [
    [
      0.41633129119873047,
      0.34760189056396484
    ],
    [
      0.5811100006103516,
      0.3452273905277252
    ],
    [
      0.5011544823646545,
      0.4251876473426819
    ],
    [
      0.4392009675502777,
      0.5148555636405945
    ],
    [
      0.5666824579238892,
      0.5131972432136536
    ]
  ],
  "three_quarter_left": [
    [
      0.3245938718318939,
      0.29621315002441406
    ],
    [
      0.41314277052879333,
      0.30049484968185425
    ],
    [
      0.3050813674926758,
      0.36878257989883423
    ],
    [
      0.3287730813026428,
      0.4555327892303467
    ],
    [
      0.3909858167171478,
      0.4577718675136566
    ]
  ],
  "three_quarter_right": [
    [
      0.5869144201278687,
      0.29124483466148376
    ],
    [
      0.6799710392951965,
      0.2871403396129608
    ],
    [
      0.6892377734184265,
      0.3501824736595154
    ],
    [
      0.6153630018234253,
      0.43511661887168884
    ],
    [
      0.6823395490646362,
      0.43181490898132324
    ]
  ],
  "left_profile": [
    [
      0.26733922958374023,
      0.3265243172645569
    ],
    [
      0.30263152718544006,
      0.3384658992290497
    ],
    [
      0.21065768599510193,
      0.4116751253604889
    ],
    [
      0.26718297600746155,
      0.5003728270530701
    ],
    [
      0.28312259912490845,
      0.5074434280395508
    ]
  ],
  "right_profile": [
    [
      0.6924951672554016,
      0.33769792318344116
    ],
    [
      0.742472767829895,
      0.323048859834671
    ],
    [
      0.8002618551254272,
      0.41181808710098267
    ],
    [
      0.7197164297103882,
      0.5099765062332153
    ],
    [
      0.7505589723587036,
      0.5002883672714233
    ]
  ],
  "up": [
    [
      0.4202248156070709,
      0.28205975890159607
    ],
    [
      0.5900432467460632,
      0.2824055552482605
    ],
    [
      0.5063337683677673,
      0.3162231147289276
    ],
    [
      0.4349960684776306,
      0.43913522362709045
    ],
    [
      0.5778673887252808,
      0.43919163942337036
    ]
  ],
  "down": [
    [
      0.4300483763217926,
      0.40843528509140015
    ],
    [
      0.5885285139083862,
      0.40467867255210876
    ],
    [
      0.5124237537384033,
      0.5012187361717224
    ],
    [
      0.4494315981864929,
      0.5594910979270935
    ],
    [
      0.5697654485702515,
      0.5573500394821167
    ]
  ],
  "up_left": [
    [
      0.3430463373661041,
      0.2780338227748871
    ],
    [
      0.47371864318847656,
      0.29181480407714844
    ],
    [
      0.3424195349216461,
      0.33250513672828674
    ],
    [
      0.31445497274398804,
      0.4420263171195984
    ],
    [
      0.4117153286933899,
      0.4545319080352783
    ]
  ],
  "up_right": [
    [
      0.5546998381614685,
      0.29358014464378357
    ],
    [
      0.6738408207893372,
      0.27755603194236755
    ],
    [
      0.671765923500061,
      0.3375401496887207
    ],
    [
      0.6038780808448792,
      0.4457625448703766
    ],
    [
      0.6940380334854126,
      0.43199124932289124
    ]
  ],
  "down_left": [
    [
      0.30121928453445435,
      0.3873855173587799
    ],
    [
      0.4190511107444763,
      0.37215736508369446
    ],
    [
      0.3257409930229187,
      0.4662098288536072
    ],
    [
      0.3472761809825897,
      0.5390281081199646
    ],
    [
      0.43045908212661743,
      0.5268155932426453
    ]
  ],
  "down_right": [
    [
      0.5827232599258423,
      0.3443814516067505
    ],
    [
      0.7000213861465454,
      0.3473834693431854
    ],
    [
      0.6872192025184631,
      0.4188803732395172
    ],
    [
      0.5944064855575562,
      0.49289363622665405
    ],
    [
      0.6823740005493164,
      0.4952285885810852
    ]
  ]
}